date,518880,512890,162411,seq
2021-01-04,0.004613018964633469,0.0,-0.017064846416382267,1
2021-01-05,0.002806122448979623,0.0090909090909091,0.04861111111111116,2
2021-01-06,-0.00712286949885526,0.0015015015015015028,0.03973509933774838,3
2021-01-07,-0.0064053292339226004,0.001499250374812595,0.012738853503184724,4
2021-01-08,-0.026044352759154198,-0.00898203592814372,-0.028301886792452855,5
2021-01-11,0.0074132909716706444,0.0015105740181268895,0.04207119741100327,6
2021-01-12,-0.0021024967148488847,-0.0015082956259426861,0.052795031055900665,7
2021-01-13,-0.006584145377930038,-0.0015105740181268895,-0.0088495575221239,8
2021-01-14,0.003446447507953432,0.007564296520423607,0.014880952380952394,9
2021-01-15,-0.002642007926023839,0.004504504504504508,-0.02346041055718477,10
2021-01-18,0.0010596026490066234,0.01046337817638267,0.0030030030030030056,11
2021-01-19,0.0026462026991268144,-0.010355029585798824,0.041916167664670524,12
2021-01-20,0.009501187648456064,0.0,-0.025862068965517106,13
2021-01-21,-0.0049673202614379415,-0.01644245142002991,-0.03244837758112097,14
2021-01-22,-0.004729374671571266,-0.009118541033434659,0.018292682926829285,15
2021-01-25,0.002903907074973633,-0.00306748466257669,-0.02694610778443116,16
2021-01-26,-0.005264543300868655,0.0015384615384615398,-0.0030769230769230795,17
2021-01-27,-0.0047631648584281015,-0.01228878648233488,-0.003086419753086422,18
2021-01-28,0.004520074448285005,-0.0015552099533437027,-0.00619195046439629,19
2021-01-29,0.01111699311805183,0.010903426791277268,-0.012461059190031163,20
2021-02-01,-0.008115183246073219,-0.003081664098613254,0.012618296529968466,21
2021-02-02,-0.010292953285827433,-0.0015455950540958282,-0.0031152647975077907,22
2021-02-03,-0.007200000000000036,-0.00619195046439629,0.04687500000000004,23
2021-02-04,-0.011281224818694553,0.015576323987538955,0.0,24
2021-02-05,0.008421624558543912,0.0,0.011940298507462697,25
2021-02-08,0.010775862068965407,0.00306748466257669,0.050147492625368606,26
2021-02-09,0.0010660980810234552,0.006116207951070342,-0.019662921348314624,27
2021-02-10,-0.02822151224707132,0.021276595744680868,0.07449856733524363,28
2021-02-18,-0.0043835616438356205,0.016369047619047634,-0.04266666666666671,29
2021-02-19,0.01128233351678589,0.011713030746705558,0.0389972144846797,30
2021-02-22,0.010340136054421838,-0.011577424023154698,0.02949061662198394,31
2021-02-23,-0.002154591974144898,-0.0014641288433382149,-0.007812500000000007,32
2021-02-24,-0.009446693657220012,0.02346041055718461,0.05774278215223102,33
2021-02-25,-0.015531335149863743,-0.018624641833810747,-0.03473945409429283,34
2021-02-26,-0.0049820094104621624,0.011678832116788168,0.010282776349614406,35
2021-03-01,-0.01641168289290686,-0.004329004329004333,-0.010178117048346065,36
2021-03-02,0.003676470588235266,0.02173913043478263,0.017994858611825208,37
2021-03-03,-0.009861932938856056,0.0014184397163120581,0.007575757575757582,38
2021-03-04,-0.009106431417188272,-0.015580736543909363,0.0325814536340851,39
2021-03-05,0.010626076967260173,-0.005755395683453243,0.0485436893203884,40
2021-03-08,-0.0036942313157147895,-0.007235890014471626,-0.013888888888888902,41
2021-03-09,0.01026811180832859,-0.008746355685131203,-0.03990610328638501,42
2021-03-10,0.008752117447769662,0.02205882352941162,0.04400977995110029,43
2021-03-11,-0.01371396585502377,0.021582733812949662,0.011709601873536311,44
2021-03-12,0.009080590238365502,0.005633802816901414,0.004629629629629634,45
2021-03-15,0.001687289088863831,0.004201680672268912,-0.01612903225806453,46
2021-03-16,0.004211117349803516,-0.005578800557880061,-0.016393442622950834,47
2021-03-17,0.007548224769359836,0.0014025245441795244,-0.00714285714285715,48
2021-03-18,-0.0041620421753607445,-0.011204481792717097,-0.05995203836930448,49
2021-03-19,-0.005293953747562031,0.01133144475920681,0.020408163265306138,50
2021-03-22,0.004201680672268943,-0.014005602240896371,-0.007500000000000007,51
2021-03-23,-0.0019525801952580523,-0.009943181818181828,-0.03778337531486149,52
2021-03-24,0.0030743432084964005,-0.001434720229555238,0.010471204188481685,53
2021-03-25,-0.002786291446085201,0.007183908045977018,0.028497409326424895,54
2021-03-26,0.0,0.017118402282453656,0.005037783375314866,55
2021-03-29,-0.012014529198100069,-0.002805049088359049,-0.002506265664160403,56
2021-03-30,-0.011595022624434369,-0.001406469760900142,0.002512562814070354,57
2021-03-31,0.02002861230329037,0.005633802816901414,0.005012531328320806,58
2021-04-01,0.013183730715287561,-0.008403361344537823,0.0399002493765585,59
2021-04-02,-0.005813953488372067,0.0,-0.035971223021582635,60
2021-04-06,0.004455583402951828,0.00847457627118645,0.0024875621890547285,61
2021-04-07,0.0019406709176600146,-0.0014005602240896372,-0.002481389578163774,62
2021-04-08,0.004703929164360792,0.0,-0.0174129353233831,63
2021-04-09,-0.005232718259432576,0.0,-0.0227848101265823,64
2021-04-12,-0.01024363233665557,-0.005610098176718098,-0.005181347150259072,65
2021-04-13,0.011188811188811197,0.004231311706629059,0.005208333333333338,66
2021-04-14,-0.0008298755186722306,0.0014044943820224732,0.03108808290155443,67
2021-04-15,0.008582502768549195,0.01542776998597477,-0.015075376884422124,68
2021-04-16,0.007411474059840828,-0.002762430939226522,-0.020408163265306138,69
2021-04-19,-0.009536784741144453,-0.004155124653739616,0.010416666666666676,70
2021-04-20,0.010453920220082602,0.0041724617524339395,-0.036082474226804155,71
2021-04-21,0.0008167710318541012,0.0,-0.005347593582887705,72
2021-04-22,-0.0021762785636561498,-0.008310249307479232,0.0,73
2021-04-23,-0.005179934569247581,-0.0027932960893854776,-0.008064516129032265,74
2021-04-26,0.0010961907371882717,-0.004201680672268912,0.029810298102981057,75
2021-04-27,-0.00574869969887761,0.008438818565400852,0.013157894736842117,76
2021-04-28,0.003028634361233391,0.011157601115760122,0.038961038961038995,77
2021-04-29,-0.004940982706560471,-0.008275862068965524,-0.010000000000000009,78
2021-04-30,0.014068965517241423,0.011126564673157173,0.03535353535353524,79
2021-05-06,0.011153427638737739,0.006877579092159566,-0.004878048780487809,80
2021-05-07,0.0034974441754102503,0.009562841530054654,0.02450980392156865,81
2021-05-10,-0.001340482573726513,-0.006765899864682009,-0.02870813397129176,82
2021-05-11,0.0018791946308725146,0.009536784741144423,0.007389162561576224,83
2021-05-12,-0.00401929260450164,-0.0026990553306342805,-0.014669926650366627,84
2021-05-13,0.005918751681463491,-0.0013531799729364017,-0.022332506203473965,85
2021-05-14,0.010163145225996324,0.005420054200542011,0.04822335025380701,86
2021-05-17,0.006619009796134475,0.0026954177897574147,0.036319612590799064,87
2021-05-18,0.00263019463440289,-0.0013440860215053775,-0.02336448598130843,88
2021-05-19,-0.0002623294858341789,-0.013458950201884265,-0.004784688995215315,89
2021-05-20,0.0013119916032537113,0.004092769440654847,-0.007211538461538468,90
2021-05-21,0.0031446540880503172,0.006793478260869571,0.014527845036319625,91
2021-05-24,-0.004179728317659356,0.014844804318488542,0.004773269689737475,92
2021-05-25,0.01049317943336832,0.005319148936170218,-0.023752969121140166,93
2021-05-26,-0.0059709241952231795,0.0066137566137566195,0.00973236009732361,94
2021-05-27,-0.007573779054583536,0.003942181340341659,0.01927710843373496,95
2021-05-28,0.007368421052631586,0.006544502617801053,0.0,96
2021-05-31,0.006530825496342831,0.0,0.01182033096926715,97
2021-06-01,-0.015572281339216208,0.0013003901170351116,0.03504672897196265,98
2021-06-02,-0.005009227524387062,-0.0025974025974025996,0.022573363431151263,99
2021-06-03,-0.011128775834658138,-0.0013020833333333346,0.0022075055187637986,100
2021-06-04,0.006698821007502655,-0.01043024771838332,-0.0022026431718061693,101
2021-06-07,0.005589566143199337,0.002635046113306985,0.011037527593818994,102
2021-06-08,-0.0007940709370037358,0.001314060446780553,0.0218340611353712,103
2021-06-09,-0.002913907284768244,0.0,-0.010683760683760693,104
2021-06-10,0.008235919234856573,-0.002624671916010501,-0.01079913606911448,105
2021-06-11,-0.017127799736495374,-0.010526315789473693,0.013100436681222719,106
2021-06-15,-0.0002680965147452788,-0.0013297872340425545,0.015086206896551617,107
2021-06-16,-0.01662644140520254,0.0,-0.01910828025477697,108
2021-06-17,-0.011453504226888414,-0.005326231691078567,-0.04112554112554116,109
2021-06-18,0.000827586206896583,-0.0013386880856760387,-0.011286681715575632,110
2021-06-21,0.003583241455347271,0.005361930294906171,0.05936073059360736,111
2021-06-22,0.001098599285910465,0.01200000000000001,0.00862068965517242,112
2021-06-23,-0.004663923182441675,0.0,0.00213675213675202,113
2021-06-24,-0.0011025358324145544,0.0,0.012793176972281462,114
2021-06-25,0.0013796909492273437,-0.014492753623188418,0.008421052631578956,115
2021-06-28,-0.003582254064480546,-0.0026737967914438527,-0.03966597077244251,116
2021-06-29,-0.0088495575221239,0.005361930294906171,0.006521739130434788,117
2021-06-30,0.012555803571428551,0.009333333333333341,0.01079913606911448,118
2021-07-01,0.0008266740148801636,-0.011889035667107011,0.019230769230769128,119
2021-07-02,0.0035792951541849943,-0.004010695187165779,-0.01467505241090148,120
2021-07-05,0.00932784636488335,0.002684563758389264,0.012765957446808522,121
2021-07-06,-0.0008154389779830579,-0.0026773761713520775,-0.03781512605042009,122
2021-07-07,-0.0016322089227421728,-0.014765100671140953,-0.03930131004366816,123
2021-07-08,0.0027247956403270383,0.006811989100817445,0.015909090909090925,124
2021-07-09,-0.0016304347826087574,-0.004059539918809205,0.008948545861297548,125
2021-07-12,0.004082743603701721,0.005434782608695657,0.0,126
2021-07-13,0.0008132285172133678,0.008108108108108115,-0.013303769401330389,127
2021-07-14,0.007854821235102902,-0.0013404825737265427,-0.04494382022471914,128
2021-07-15,-0.0026874496103198686,0.005369127516778528,-0.00941176470588236,129
2021-07-16,-0.00862301266504986,0.0026702269692923924,-0.030878859857482215,130
2021-07-19,0.008154389779831545,-0.0026631158455392833,-0.019607843137254784,131
2021-07-20,-0.0037746023186843447,-0.0026702269692923924,-0.0025000000000000022,132
2021-07-21,-0.00757780784844385,0.005354752342704155,0.04010025062656631,133
2021-07-22,0.0046359421870739975,-0.003994673768308925,-0.014457831325301219,134
2021-07-23,0.002442996742670982,-0.02272727272727275,-0.02933985330073339,135
2021-07-26,-0.008394259409694052,-0.02735978112175105,0.025188916876574187,136
2021-07-27,0.009830693610049162,-0.001406469760900142,-0.012285012285012161,137
2021-07-28,0.002704164413196385,0.0014084507042253535,0.022388059701492418,138
2021-07-29,0.0032362459546925594,0.0,-0.01459854014598528,139
2021-07-30,-0.01075268817204302,-0.002812939521800284,-0.002469135802469138,140
2021-08-02,0.0002717391304347527,-0.008462623413258118,-0.01980198019801982,141
2021-08-03,0.002173322466721002,0.008534850640113806,0.012626262626262636,142
2021-08-04,-0.0010843046896177836,0.0,-0.029925187032418976,143
2021-08-05,-0.005970149253731408,0.0056417489421720785,0.02570694087403601,144
2021-08-06,-0.02593502593502587,0.01542776998597477,-0.010025062656641612,145
2021-08-09,-0.00448430493273543,0.0,0.012658227848101276,146
2021-08-10,-0.0011261261261261272,0.026243093922651957,0.012500000000000011,147
2021-08-11,0.009019165727170245,0.012113055181695838,-0.002469135802469138,148
2021-08-12,0.003072625698324056,-0.0013297872340425545,-0.0074257425742574315,149
2021-08-13,0.008354218880534616,0.00798934753661785,-0.01995012468827932,150
2021-08-16,0.010218171775752533,-0.014531043593130791,-0.02798982188295168,151
2021-08-17,0.000546746856205638,0.004021447721179628,0.010471204188481685,152
2021-08-18,-0.0032786885245901665,-0.01068090787716957,-0.03886010362694304,153
2021-08-19,0.003015350877192894,0.0013495276653171402,-0.021563342318059318,154
2021-08-20,-0.001913091008472171,0.009433962264150952,0.016528925619834725,155
2021-08-23,0.007393209200438031,0.0026702269692923924,0.029810298102981057,156
2021-08-24,-0.005708072845882008,0.006657789613848208,0.010526315789473693,157
2021-08-25,-0.0035538545653362222,0.013227513227513239,0.013020833333333344,158
2021-08-26,0.010150891632373092,0.005221932114882511,0.0025706940874036014,159
2021-08-27,0.0024443237370993746,0.005194805194805199,0.030769230769230795,160
2021-08-30,-0.0002709292874559442,0.0335917312661499,-0.007462686567164185,161
2021-08-31,0.0,-0.007500000000000007,0.010025062656641612,162
2021-09-01,-0.0008130081300813316,0.018891687657430746,-0.014888337468982642,163
2021-09-02,0.0,-0.002472187886279359,0.03778337531486135,164
2021-09-03,0.0056956875508544485,0.007434944237918084,-0.019417475728155224,165
2021-09-06,-0.0032362459546925594,0.02091020910209104,0.009900990099009771,166
2021-09-07,-0.011634199134199174,0.01927710843373496,0.002450980392156865,167
2021-09-08,-0.0038324664659184875,0.03073286052009459,-0.014669926650366627,168
2021-09-09,0.00577081615828534,-0.008027522935779824,0.019851116625310052,169
2021-09-10,-0.0049180327868853105,0.025433526011560716,0.0,170
2021-09-13,0.001098297638660078,-0.02029312288613305,0.02676399026763993,171
2021-09-14,0.0035655512890839,-0.004602991944764101,-0.018957345971564,172
2021-09-15,-0.00847226018037707,-0.0057803468208092535,0.03623188405797105,173
2021-09-16,-0.00992282249173099,-0.019767441860465133,-0.002331002331002333,174
2021-09-17,0.013363028953229411,0.029655990510083063,-0.018691588785046745,175
2021-09-22,-0.009615384615384654,0.0,0.02142857142857145,176
2021-09-23,-0.005270457697642199,-0.03686635944700464,0.03030303030303033,177
2021-09-24,0.0011154489682097053,-0.02033492822966509,0.031674208144796406,178
2021-09-27,-0.007799442896935941,0.025641025641025664,0.05043859649122799,179
2021-09-28,-0.0014037057832677973,-0.026190476190476215,-0.025052192066805753,180
2021-09-29,-0.003935901040202359,0.0134474327628362,0.01927194860813694,181
2021-09-30,0.012418854078464589,-0.009650180940892652,0.04621848739495803,182
2021-10-08,-0.0039029829941455907,0.00974421437271621,0.03012048192771087,183
2021-10-11,0.005037783375314928,-0.006031363088057907,-0.017543859649122823,184
2021-10-12,-0.000278473962684582,-0.018203883495145512,-0.0019841269841269858,185
2021-10-13,0.012813370473537679,-0.007416563658838078,0.007952286282306171,186
2021-10-14,-0.0019251925192519575,0.004981320049813205,0.013806706114398434,187
2021-10-15,-0.013502342243042142,0.019826517967781787,-0.009727626459143978,188
2021-10-18,0.003910614525139606,0.0,0.0019646365422396873,189
2021-10-19,-0.0027824151363382826,-0.01944106925880912,-0.005882352941176476,190
2021-10-20,0.004743303571428544,0.016109045848822678,0.009861932938856025,191
2021-10-21,0.0013885031935573155,-0.02317073170731696,0.007812500000000007,192
2021-10-25,0.004159733777038304,-0.006242197253433213,0.021317829457364358,193
2021-10-26,-0.007456503728251901,-0.017587939698492476,-0.011385199240986727,194
2021-10-27,0.009738452977184236,-0.029411764705882377,-0.03646833013435704,195
2021-10-28,-0.005511160099200886,-0.00527009222661397,0.013944223107569733,196
2021-10-29,-0.004156275976724889,0.009271523178807955,-0.0019646365422396873,197
2021-11-01,0.006399554813578223,-0.02362204724409451,0.029527559055118138,198
2021-11-02,-0.0077412220071882845,0.02150537634408604,-0.01529636711281072,199
2021-11-03,-0.0039008080245193063,-0.003947368421052635,-0.011650485436893215,200
2021-11-04,0.013706293706293686,-0.019815059445178352,0.0019646365422396873,201
2021-11-05,0.009933774834437095,0.0013477088948787074,0.027450980392156887,202
2021-11-08,0.0030054644808742287,-0.0013458950201884266,0.007633587786259549,203
2021-11-09,-0.0005448106782892345,-0.0026954177897574147,0.0,204
2021-11-10,0.014172799127827759,0.02027027027027029,-0.034090909090909116,205
2021-11-11,0.00026874496103195103,-0.005298013245033117,0.005882352941176476,206
2021-11-12,-0.0016120365394948371,-0.0026631158455392833,-0.005847953216374274,207
2021-11-15,0.0043057050592034485,-0.006675567423230981,0.011764705882352951,208
2021-11-16,-0.0032154340836012887,-0.0013440860215053775,-0.011627906976744196,209
2021-11-17,0.004032258064516043,-0.0026917900403768532,-0.029411764705882377,210
2021-11-18,-0.001338688085676009,0.014844804318488542,0.014141414141414154,211
2021-11-19,-0.00911528150134043,0.0,-0.045816733067729126,212
2021-11-22,-0.01731601731601733,0.00930851063829788,-0.0020876826722338224,213
2021-11-23,-0.005231277533039683,0.013175230566534926,0.035564853556485386,214
2021-11-24,-0.0005535566011624079,-0.0026007802340702233,0.0181818181818182,215
2021-11-25,0.004707837164220411,-0.014341590612777066,-0.03174603174603177,216
2021-11-26,-0.0038588754134510016,-0.009259259259259267,-0.004098360655737709,217
2021-11-29,-0.0024903154399556994,-0.0013351134846461962,-0.026748971193415662,218
2021-11-30,-0.0038834951456310097,0.013368983957219263,0.0,219
2021-12-01,-0.004455583402951828,0.0065963060686015885,-0.02748414376321344,220
2021-12-02,-0.002517482517482613,0.017038007863695952,0.013043478260869577,221
2021-12-03,0.007291082445316951,-0.003865979381443302,-0.004291845493562235,222
2021-12-06,-0.002227171492204902,0.014230271668822781,0.010775862068965407,223
2021-12-07,0.001395089285714256,0.0012755102040816336,0.031982942430703654,224
2021-12-08,-0.0039008080245193063,0.0025477707006369447,0.0020661157024793406,225
2021-12-09,-0.002797202797202862,-0.0038119440914866614,-0.014432989690721662,226
2021-12-10,0.005610098176718098,-0.006377551020408169,0.02092050209205023,227
2021-12-13,0.0008368200836820401,-0.012836970474967919,-0.04098360655737697,228
2021-12-14,-0.01003344481605352,0.009102730819245782,-0.021367521367521385,229
2021-12-15,0.009009009009009018,0.014175257731958775,0.01746724890829696,230
2021-12-16,0.012555803571428551,0.0012706480304955539,-0.01716738197424894,231
2021-12-17,-0.001377790024800191,-0.005076142131979699,-0.030567685589519677,232
2021-12-20,-0.006898454746136841,0.017857142857142873,0.011261261261261271,233
2021-12-21,-0.0022228396776882487,-0.0037593984962406048,0.017817371937639215,234
2021-12-22,0.010025062656641489,0.005031446540880507,0.004376367614879653,235
2021-12-23,0.0016542597187759107,-0.007509386733416777,-0.004357298474945538,236
2021-12-24,-0.0008257638315442097,0.00504413619167718,-0.0021881838074398266,237
2021-12-27,0.003305785123966945,-0.0075282308657465555,0.03947368421052623,238
2021-12-28,-0.0046677649643053,-0.003792667509481672,-0.002109704641350213,239
2021-12-29,-0.005241379310344863,0.0012690355329949248,-0.006342494714587744,240
2021-12-30,0.01026067665002771,0.007604562737642592,-0.012765957446808404,241
2021-12-31,-0.006313477902827254,0.017610062893081774,0.03232758620689646,242
2022-01-04,0.00414364640883969,0.003708281829419039,0.0375782881002088,243
2022-01-05,-0.0057771664374140054,0.007389162561576224,-0.02615694164989942,244
2022-01-06,-0.006087437742113945,0.008557457212713945,0.039256198347107474,245
2022-01-07,0.00194877505567932,0.004848484848484853,-0.009940357852882713,246
2022-01-10,0.00833564879133087,0.003618817852834744,-0.006024096385542174,247
2022-01-11,0.004684486084320723,-0.00600961538461539,0.03232323232323235,248
2022-01-12,0.002194185408667034,0.009673518742442573,0.013698630136986313,249
2022-01-13,-0.0010946907498631646,-0.029940119760478938,-0.001930501930501932,250
2022-01-14,-0.004109589041095925,0.00370370370370357,0.01353965183752419,251
2022-01-17,-0.0016506189821182348,0.008610086100861017,0.01335877862595421,252
2022-01-18,-0.0011022320198401773,0.018292682926829285,-0.02071563088512243,253
2022-01-19,0.013517241379310325,-0.007185628742514977,-0.009615384615384623,254
2022-01-20,-0.0005443658138268318,-0.009650180940892652,-0.03495145631067964,255
2022-01-21,-0.002723311546841021,0.0012180267965895262,-0.012072434607645887,256
2022-01-24,0.00245767340251226,-0.026763990267639794,-0.014256619144602864,257
2022-01-25,0.0008172160174339727,0.007500000000000007,0.035123966942148796,258
2022-01-26,-0.018508437670114335,-0.011166253101736983,-0.017964071856287442,259
2022-01-27,-0.0033277870216306188,-0.0075282308657465555,0.028455284552845555,260
2022-01-28,0.007234279354479757,0.025284450063211148,0.0454545454545455,261
2022-02-07,0.005801104972375665,0.023427866831072633,-0.005671077504725903,262
2022-02-08,0.004669046965119447,0.00481927710843374,-0.026615969581749072,263
2022-02-09,0.0019136139967195509,0.013189448441247014,0.009765625000000009,264
2022-02-10,-0.0054570259208731285,0.003550295857988169,-0.00193423597678917,265
2022-02-11,0.016460905349794254,-0.020047169811320775,0.04844961240310082,266
2022-02-14,0.009986504723346808,-0.008423586040914569,-0.024029574861367857,267
2022-02-15,-0.013361838588989797,0.0121359223300971,-0.011363636363636373,268
2022-02-16,0.00920910075839648,-0.004796163069544369,0.005747126436781614,269
2022-02-17,0.009125067096081537,0.024096385542168697,-0.011428571428571439,270
2022-02-18,-0.0015957446808510063,0.0,-0.009633911368015422,271
2022-02-21,0.012519978689398015,-0.008235294117647066,0.02140077821011675,272
2022-02-22,-0.007629571165482862,-0.0059311981020166125,-0.024761904761904784,273
2022-02-23,0.021474019088017077,-0.021479713603818635,0.02343750000000002,274
2022-02-24,-0.011938749026732485,-0.0036585365853658573,-0.0019083969465648872,275
2022-02-25,-0.0052534804307854,0.0012239902080783366,0.01338432122370938,276
2022-02-28,-0.0002640612622128043,0.011002444987775072,0.03773584905660381,277
2022-03-01,0.01347068145800321,0.00846432889963725,0.04727272727272711,278
2022-03-02,-0.0026062027625749886,0.01079136690647483,0.01215277777777779,279
2022-03-03,0.003658217925267895,-0.008303677342823258,-0.036020583190394355,280
2022-03-04,0.022129653736006238,-0.004784688995215315,0.06939501779359417,281
2022-03-07,0.02266938359653579,-0.031249999999999896,-0.008319467554076547,282
2022-03-08,0.011457036114570428,-0.012406947890818868,0.0167785234899329,283
2022-03-09,-0.032011819748830314,0.010050251256281416,-0.04125412541254129,284
2022-03-10,0.0015263291783260706,0.0024875621890547285,0.027538726333907082,285
2022-03-11,-0.0050800101600203245,-0.017369727047146417,-0.02345058626465664,286
2022-03-14,-0.02170028082716364,-0.056818181818181865,-0.08061749571183523,287
2022-03-15,-0.0093945720250522,0.02141900937081662,0.054104477611940135,288
2022-03-16,0.012908324552160268,0.013106159895150732,0.0,289
2022-03-17,0.0015604681404420761,0.029754204398447632,0.05132743362831863,290
2022-03-18,-0.002596728122565512,-0.005025125628140708,0.01010101010101011,291
2022-03-21,0.006508721687060638,0.015151515151515164,0.021666666666666688,292
2022-03-22,-0.008018623900672565,0.0012437810945273642,-0.011419249592169669,293
2022-03-23,0.011734028683181207,-0.0024844720496894433,0.014851485148514865,294
2022-03-24,0.006958762886597973,0.0,0.014634146341463428,295
2022-03-25,-0.00895828001023807,0.024906600249065883,0.03365384615384619,296
2022-03-28,-0.005940082644628019,-0.004860267314702313,0.004651162790697679,297
2022-03-29,-0.0025980774227072566,0.009768009768009777,-0.006172839506172844,298
2022-03-30,-0.001562907007033025,0.018137847642079822,-0.020186335403726725,299
2022-03-31,0.005217845030002614,0.015439429928741108,-0.0015847860538827272,300
2022-04-01,-0.004412146379444678,0.01637426900584797,0.03174603174603177,301
2022-04-06,0.001824817518248206,-0.01956271576524743,-0.007692307692307699,302
2022-04-07,0.002341920374707233,0.016431924882629123,0.001550387596899226,303
2022-04-08,0.0088265835929388,-0.00808314087759816,0.01857585139318887,304
2022-04-11,0.005661348430262428,-0.009313154831199077,0.0015197568389057764,305
2022-04-12,0.004605936540429949,-0.0023501762632197436,0.0030349013657056173,306
2022-04-13,0.0012735608762098557,0.015312131919905785,0.007564296520423607,307
2022-04-14,0.0033070465530399135,-0.00464037122969838,0.012012012012012022,308
2022-04-15,0.005831643002028431,-0.016317016317016333,0.011869436201780425,309
2022-04-18,-0.007814469372321688,0.010663507109004749,0.01906158357771246,310
2022-04-19,-0.01270325203252028,-0.021101992966002365,-0.01726618705035957,311
2022-04-20,0.013124034997426585,-0.019161676646706604,0.026354319180087706,312
2022-04-21,0.0035560071120142836,0.01587301587301589,-0.049928673323822996,313
2022-04-22,-0.006833712984054704,-0.03966346153846144,-0.0570570570570571,314
2022-04-25,-0.008664627930682928,0.0,0.017515923566878998,315
2022-04-26,0.0005141388174806632,0.005006257822277852,-0.0015649452269170592,316
2022-04-27,-0.0005138746145939825,0.021170610211705982,0.00940438871473355,317
2022-04-28,0.013367609254498727,0.01585365853658538,0.03571428571428575,318
2022-04-29,-0.0032978183663116044,0.0,0.04797601199400287,319
2022-05-05,-0.0017816238228556055,-0.02641056422569017,-0.004291845493562236,320
2022-05-06,0.004334523202447706,0.004932182490752025,0.008620689655172422,321
2022-05-09,-0.00736227468900734,0.009815950920245408,-0.07977207977207969,322
2022-05-10,-0.005115089514066501,0.0012150668286755784,0.015479876160990726,323
2022-05-11,0.009768637532133627,-0.00242718446601942,-0.013719512195121963,324
2022-05-12,-0.010183299389002046,0.018248175182481768,0.013910355486862454,325
2022-05-13,-0.009516460905349775,0.008363201911589017,0.018292682926829285,326
2022-05-16,0.006751493118670423,-0.009478672985782,0.03443113772455076,327
2022-05-17,-0.010575187000257913,-0.004784688995215315,0.020260492040521005,328
2022-05-18,0.003649635036496412,0.00600961538461539,-0.02411347517730499,329
2022-05-19,0.005714285714285661,0.003584229390681007,-0.005813953488371938,330
2022-05-20,0.0007747933884297815,-0.00714285714285715,0.004385964912280705,331
2022-05-23,0.001806451612903256,-0.017985611510791383,0.008733624454148317,332
2022-05-24,0.0012879958784131615,0.01587301587301589,0.02020202020202022,333
2022-05-25,0.0036017494211473605,0.010817307692307702,0.031117397454031148,334
2022-05-26,0.004101512432709565,0.004756242568370992,0.03292181069958851,335
2022-05-27,-0.00816951748787338,0.001183431952662723,0.04249667994687919,336
2022-05-30,-0.002059202059202061,-0.00236406619385343,0.019108280254777087,337
2022-05-31,-0.006448284756254813,0.00118483412322275,-0.03375000000000003,338
2022-06-01,0.00649013499480787,-0.007100591715976338,0.0,339
2022-06-02,-0.002063451122001435,-0.0011918951132300368,0.032341526520051775,340
2022-06-06,-0.003876970793486721,0.0011933174224343687,0.0037593984962406048,341
2022-06-07,0.0046704722366372065,0.0059594755661501846,0.0362047440699125,342
2022-06-08,0.00232438016528923,0.0035545023696682498,-0.0072289156626506096,343
2022-06-09,-0.004122648801855081,0.002361275088547818,-0.00364077669902913,344
2022-06-10,0.01578266494178524,-0.016489988221437,-0.03166869671132754,345
2022-06-13,-0.01808456444218038,0.01317365269461079,-0.02012578616352203,346
2022-06-14,-0.005447470817120599,0.0070921985815602905,-0.02695763799743263,347
2022-06-15,0.0031298904538341185,-0.015258215962441328,-0.015831134564643815,348
2022-06-16,0.0072802912116484726,-0.0035756853396901106,-0.0563002680965148,349
2022-06-17,-0.004130098089829637,-0.003588516746411487,-0.06676136363636354,350
2022-06-20,-0.0015552099533437604,0.0036014405762304956,0.038051750380517536,351
2022-06-21,-0.0007788161993768613,-0.013157894736842117,-0.02932551319648096,352
2022-06-22,0.0012990387113535706,0.00363636363636364,-0.007552870090634448,353
2022-06-23,-0.007005708354955925,-0.003623188405797105,-0.05175038051750385,354
2022-06-24,0.006793833289783184,0.012121212121212133,0.011235955056179785,355
2022-06-27,-0.00545029846872576,0.004790419161676651,0.041269841269841304,356
2022-06-28,-0.002870563674321419,0.007151370679380221,0.0015243902439024404,357
2022-06-29,-0.0007851347814708489,0.003550295857988169,-0.041095890410958937,358
2022-06-30,-0.008905185961236316,0.0,-0.038095238095238126,359
2022-07-01,0.0044926004228330735,-0.001179245283018869,0.018151815181518167,360
2022-07-04,-0.0010523546435148654,0.003541912632821727,0.008103727714748791,361
2022-07-05,-0.018962338688438257,-0.021176470588235314,-0.059485530546623845,362
2022-07-06,-0.013154362416107365,0.002403846153846156,-0.01880341880341882,363
2022-07-07,-0.0019042437431991614,0.0,0.04355400696864116,364
2022-07-08,0.0,-0.005995203836930461,-0.01502504173622706,365
2022-07-11,-0.0002725538293812728,0.00844390832328107,-0.006779661016949159,366
2022-07-12,-0.005997818974918277,0.0,-0.0034129692832764536,367
2022-07-13,0.00027427317608334886,-0.016746411483253603,0.0,368
2022-07-14,-0.006854949273375353,-0.01459854014598528,-0.005136986301369868,369
2022-07-15,0.0035891772501380178,0.019753086419752965,0.0464716006884682,370
2022-07-18,-0.0022008253094910613,0.0012106537530266355,0.006578947368421058,371
2022-07-19,0.00027570995312940007,0.004836759371221287,0.027777777777777804,372
2022-07-20,-0.007993384785005489,-0.01564380264741277,0.022257551669316394,373
2022-07-21,0.014170602945262492,-0.0036674816625916905,-0.004665629860031108,374
2022-07-22,0.0035616438356164113,0.001226993865030676,-0.04218750000000004,375
2022-07-25,0.0013650013650014572,0.011029411764705893,0.068515497553018,376
2022-07-26,-0.0024536532170120885,-0.00363636363636364,-0.009160305343511458,377
2022-07-27,0.010385351188849482,0.0024330900243309025,0.03389830508474579,378
2022-07-28,0.014065458479848539,-0.00849514563106797,0.002980625931445606,379
2022-07-29,-0.0016004267804748539,0.0,0.022288261515601638,380
2022-08-01,0.008014961261020638,-0.01958384332925325,-0.007267441860464962,381
2022-08-02,-0.00371057513914663,-0.01373283395755307,0.0029282576866764298,382
2022-08-03,0.00026602819898906353,0.006329113924050638,-0.024817518248175203,383
2022-08-04,0.007978723404255386,0.005031446540880507,-0.03592814371257488,384
2022-08-05,-0.005540897097625306,0.010012515644555704,0.03260869565217394,385
2022-08-08,0.004510480233483657,0.0049566294919454815,-0.012030075187969934,386
2022-08-09,0.0021130480718436363,-0.0036991368680641215,0.009132420091324209,387
2022-08-10,-0.004480759093305193,0.009900990099009771,0.02262443438914029,388
2022-08-11,0.004765687053216784,0.008578431372549027,0.03539823008849544,389
2022-08-12,0.0010540184453227941,0.0,-0.0028490028490028517,390
2022-08-15,-0.0007896814951303273,0.0024301336573511567,-0.012857142857142869,391
2022-08-16,-0.004478398314014727,0.0024242424242424264,0.018813314037626646,392
2022-08-17,-0.0047631648584281015,-0.00725513905683193,0.011363636363636374,393
2022-08-18,0.0,0.00974421437271621,0.02668539325842699,394
2022-08-19,-0.002127093858016487,0.004825090470446326,-0.008207934336525315,395
2022-08-22,0.002664535038635701,0.002400960384153664,0.027586206896551748,396
2022-08-23,0.006377889981397827,-0.00838323353293414,0.018791946308724848,397
2022-08-24,0.002640612622128395,0.019323671497584557,0.018445322793148897,398
2022-08-25,0.00026336581511716875,0.0,-0.007761966364812425,399
2022-08-26,-0.00816219062664564,0.0071090047393364995,0.001303780964797915,400
2022-08-29,0.0042474117334749175,0.00235294117647059,0.014322916666666678,401
2022-08-30,-0.006608511763150915,-0.005868544600938973,-0.05391527599486526,402
2022-08-31,-0.007450771687067596,0.008264462809917363,0.006784260515603806,403
2022-09-01,-0.0010723860589812342,0.0,-0.006738544474393537,404
2022-09-02,0.010466988727858333,0.017564402810304466,0.03799185888738131,405
2022-09-05,0.005046480743691815,0.012658227848101278,0.0,406
2022-09-06,-0.006606765327695537,0.002272727272727275,-0.03921568627450984,407
2022-09-07,0.008246874168661916,0.0011337868480725633,-0.02040816326530614,408
2022-09-08,-0.0013192612137202884,0.01245753114382787,0.011111111111111122,409
2022-09-09,0.0005284015852046974,-0.005592841163310967,0.028846153846153872,410
2022-09-13,-0.007129654079746537,-0.01012373453318336,-0.025367156208277727,411
2022-09-14,-0.004255319148936056,0.010227272727272736,0.02876712328767126,412
2022-09-15,-0.004273504273504277,-0.03149606299212601,-0.021304926764314266,413
2022-09-16,0.0034871244635192866,-0.0011614401858304308,-0.04081632653061228,414
2022-09-19,0.0034750066827051325,-0.005813953488372098,0.01560283687943264,415
2022-09-20,0.0013319126265316711,0.010526315789473694,0.006983240223463694,416
2022-09-21,-0.0015961691939344995,-0.004629629629629634,-0.024965325936199746,417
2022-09-22,0.004529709565680763,-0.009302325581395357,-0.02275960170696999,418
2022-09-23,-0.009018567639257244,-0.016431924882629123,-0.0786026200873363,419
2022-09-26,0.0026766595289078655,0.00835322195704058,0.0031595576619273327,420
2022-09-27,0.001334757074212465,-0.0059171597633136145,-0.009448818897637804,421
2022-09-28,0.007731271660890407,-0.009523809523809533,0.0540540540540541,422
2022-09-29,0.0007936507936508238,0.003605769230769234,0.009049773755656116,423
2022-09-30,0.00713719270420305,0.00838323353293414,0.1001494768310911,424
2022-10-10,-0.0020997375328084007,-0.004750593824228033,0.006793478260869571,425
2022-10-11,0.00263019463440289,0.00835322195704058,0.0067476383265857014,426
2022-10-12,0.0013116474291711274,0.001183431952662723,0.0013404825737265427,427
2022-10-13,-0.001047943411055804,0.001182033096926715,0.0414993306559572,428
2022-10-14,-0.0055074744295830974,-0.004722550177095636,-0.035989717223650415,429
2022-10-17,0.0026371308016878247,-0.0023724792408066453,0.021333333333333353,430
2022-10-18,-0.0023671751709626243,-0.005945303210463739,-0.007832898172323766,431
2022-10-19,-0.004745583970471984,-0.007177033492822974,0.03289473684210529,432
2022-10-20,-0.0010596026490066234,0.0036144578313253048,-0.019108280254777087,433
2022-10-21,0.012993900822063096,-0.021608643457382972,0.012987012987012998,434
2022-10-24,0.001832460732984324,-0.00736196319018392,0.021794871794871815,435
2022-10-25,-0.0007839038411288512,-0.007416563658838078,-0.00501882057716437,436
2022-10-26,-0.0018305439330543079,0.0037359900373599036,0.021437578814628013,437
2022-10-27,0.0007859575582917657,-0.017369727047146417,-0.01111111111111112,438
2022-10-28,-0.0034031413612565188,-0.025252525252525273,-0.004993757802746571,439
2022-10-31,0.0007880220646178392,0.010362694300518144,0.03889585947302373,440
2022-11-01,0.0018372703412073798,0.014102564102564115,0.010869565217391314,441
2022-11-02,-0.0031438302331674114,-0.007585335018963344,-0.023894862604540046,442
2022-11-03,-0.00026281208935619813,0.012738853503184724,0.03427172582619342,443
2022-11-04,0.007360672975814939,0.008805031446540887,-0.003550295857988169,444
2022-11-07,0.0018267223382046236,-0.002493765586034915,0.03325415676959623,445
2022-11-08,0.027611357124251074,0.0012500000000000011,-0.001149425287356323,446
2022-11-09,-0.005069708491761729,0.0,-0.06098964326812434,447
2022-11-10,0.00687898089171978,0.028714107365792645,0.03431372549019611,448
2022-11-11,-0.009868421052631617,-0.00728155339805826,0.0,449
2022-11-14,0.005111167901865581,0.007334963325183381,-0.00829383886255925,450
2022-11-15,0.005339435545385292,-0.00364077669902913,0.01075268817204302,451
2022-11-16,0.001011633788568539,-0.0024360535931790524,-0.02127659574468087,452
2022-11-17,-0.001515917129863625,-0.0036630036630036665,0.0024154589371980697,453
2022-11-18,-0.0040485829959514205,-0.007352941176470459,-0.013253012048192783,454
2022-11-21,-0.001016260162601627,0.011111111111110983,-0.001221001221001222,455
2022-11-22,0.0,0.009768009768009777,0.03056234718826409,456
2022-11-23,0.003814852492370327,0.0024183796856106434,-0.011862396204033225,457
2022-11-24,0.0030402837598175855,0.024125452352231628,0.006002400960384159,458
2022-11-25,0.0007577671129073286,-0.010600706713780928,-0.022673031026253003,459
2022-11-28,-0.002776375567895033,0.0285714285714286,0.0036630036630036665,460
2022-11-29,-0.0017717033662364254,0.0,-0.004866180048661805,461
2022-11-30,0.003042596348884384,-0.006944444444444451,-0.0012224938875305634,462
2022-12-01,0.005813953488372126,-0.008158508158508167,-0.018359853121174913,463
2022-12-02,-0.009801457652676588,0.01762632197414808,-0.014962593516209488,464
2022-12-05,-0.010659898477157313,-0.005773672055427257,-0.026582278481012682,465
2022-12-06,0.0,-0.005807200929152154,-0.032509752925877794,466
2022-12-07,0.003078501795792717,0.005841121495327108,0.01075268817204302,467
2022-12-08,0.0035805626598464937,-0.004645760743321723,-0.02127659574468087,468
2022-12-09,-0.000764525993883821,-0.01983663943990667,-0.013586956521739142,469
2022-12-12,0.0007651109410864866,0.003571428571428575,0.02754820936639121,470
2022-12-13,0.009938837920489335,-0.0047449584816132906,-0.02412868632707777,471
2022-12-14,-0.007570022710068193,-0.008343265792610258,-0.021978021978021997,472
2022-12-15,-0.00457665903890155,0.007211538461538468,0.011235955056179785,473
2022-12-16,0.006896551724137966,-0.014319809069212423,-0.005555555555555561,474
2022-12-19,0.00025367833587008876,-0.009685230024213084,-0.02234636871508382,475
2022-12-20,0.009637331980725288,0.0,0.020000000000000018,476
2022-12-21,0.0,-0.004889975550122254,0.02521008403361347,477
2022-12-22,-0.00828937452901279,-0.006142506142506012,-0.030054644808743196,478
2022-12-23,0.0012664640324214522,0.0,0.02957746478873242,479
2022-12-26,0.0025297242600557123,0.01236093943139666,0.008207934336525315,480
2022-12-27,0.0007570022710068416,-0.001221001221001222,-0.002713704206241522,481
2022-12-28,-0.0015128593040847774,-0.004889975550122254,-0.038095238095238126,482
2022-12-29,0.006565656565656628,0.004914004914004919,0.015558698727015574,483
2022-12-30,0.0002508780732563697,0.004889975550122254,0.0013927576601671322,484
2023-01-03,0.0037622272385251267,0.006082725060827256,-0.03755215577190546,485
2023-01-04,-0.00024987506246862716,-0.0012091898428053217,0.00433526011560694,486
2023-01-05,-0.007248187953011836,0.0012106537530266355,0.010071942446043175,487
2023-01-06,0.010825780463242625,-0.0012091898428053217,-0.004273504273504277,488
2023-01-09,-0.0004981320049812653,-0.007263922518159813,-0.012875536480686707,489
2023-01-10,0.0029902815848493534,0.004878048780487809,0.002898550724637684,490
2023-01-11,-0.001490683229813721,-0.00242718446601942,0.005780346820809254,491
2023-01-12,0.0019905449116695713,0.010948905109489062,0.01580459770114944,492
2023-01-13,0.005711447727837022,0.001203369434416367,-0.0028288543140028316,493
2023-01-16,0.003950617283950621,-0.002403846153846156,0.0014184397163120581,494
2023-01-17,-0.0024594195769797804,0.00481927710843374,0.018413597733711064,495
2023-01-18,0.002958579881656698,0.0035971223021582766,-0.022253129346314345,496
2023-01-19,0.008112094395280326,0.009557945041816018,0.027027027027027053,497
2023-01-20,-0.001219214825652254,-0.0059171597633136145,0.006925207756232694,498
2023-01-30,-0.006591796875000033,0.004761904761904767,-0.019257221458046786,499
2023-01-31,0.005406733841238693,0.00592417061611375,0.00981767180925667,500
2023-02-01,0.0083109264238572,-0.0011778563015312142,-0.009722222222222231,501
2023-02-02,-0.013090909090909156,-0.005896226415094345,-0.01262272089761572,502
2023-02-03,-0.013018914271677706,-0.0035587188612099677,-0.0014204545454545468,503
2023-02-06,-0.0019910403185664526,0.003571428571428575,0.0,504
2023-02-07,0.0,-0.0035587188612099677,0.015647226173541976,505
2023-02-08,0.0022443890274315066,0.008333333333333342,-0.004201680672268912,506
2023-02-09,-0.006469270962926162,0.004722550177095636,-0.01406469760900142,507
2023-02-10,0.0062609566741797925,0.0035252643948296154,0.027104136947218284,508
2023-02-13,-0.0007466401194624474,0.003512880562060893,0.0027777777777777805,509
2023-02-14,-0.0032378580323785557,-0.0023337222870478433,-0.0013850415512465387,510
2023-02-15,-0.00024987506246862716,-0.0035087719298245645,0.004160887656033291,511
2023-02-16,-0.0022494376405899374,-0.0035211267605633834,-0.017955801104972392,512
2023-02-17,0.004509018036072092,0.021201413427561856,-0.016877637130801704,513
2023-02-20,-0.0012468827930174299,0.010380622837370252,-0.004291845493562236,514
2023-02-21,0.002996254681648054,0.0022831050228310523,-0.005747126436781614,515
2023-02-22,-0.002240477968633393,-0.004555808656036451,0.005780346820809254,516
2023-02-23,0.0032435129740518713,0.0011441647597254015,0.005747126436781614,517
2023-02-24,-0.002735637901019677,-0.004571428571428575,0.00714285714285715,518
2023-02-27,0.0012468827930174299,0.0045924225028702685,0.009929078014184406,519
2023-02-28,0.003486924034869299,0.0057142857142857195,-0.011235955056179785,520
2023-03-01,-0.0007446016381236321,0.0090909090909091,0.007102272727272734,521
2023-03-02,0.004470938897168354,0.007882882882882889,0.016925246826516235,522
2023-03-03,0.006676557863501517,0.0,0.016643550624133165,523
2023-03-06,0.0012281994595922116,-0.003351955307262573,-0.005457025920873129,524
2023-03-07,-0.010549558390578818,-0.002242152466367715,-0.01234567901234569,525
2023-03-08,0.0,-0.0011235955056179785,-0.013888888888888902,526
2023-03-09,0.00694272253905271,-0.02024746906636672,-0.025352112676056363,527
2023-03-10,0.006894853484363573,0.013777267508610804,0.0072254335260115675,528
2023-03-13,0.012961604304230847,-0.004530011325028316,-0.030129124820659842,529
2023-03-14,-0.0007242877836794093,0.01592718998862345,0.008875739644970421,530
2023-03-15,0.00845614882821941,-0.0078387458006719,-0.04105571847507335,531
2023-03-16,0.005749880210828946,0.015801354401805884,-0.006116207951070342,532
2023-03-17,0.03072891853263448,-0.006666666666666672,-0.032307692307692336,533
2023-03-20,-0.009475387104229344,-0.002237136465324387,0.006359300476947541,534
2023-03-21,-0.014699020065328914,0.005605381165919287,0.025276461295418662,535
2023-03-22,0.007103954534691037,0.0,-0.01540832049306627,536
2023-03-23,0.005172819186456675,-0.007803790412486071,-0.006259780907668237,537
2023-03-24,-0.006783625730994131,-0.00786516853932585,0.009448818897637804,538
2023-03-27,-0.004945831370702024,0.0033975084937712375,0.015600624024961011,539
2023-03-28,0.0035502958579883004,-0.005643340857787816,0.01382488479262674,540
2023-03-29,0.0018867924528301902,0.0022701475595913755,0.00454545454545455,541
2023-03-30,0.0077683615819207795,0.004530011325028316,0.0,542
2023-03-31,-0.01401541695865443,0.010146561443066525,0.04524886877828041,543
2023-04-03,0.011371712864250188,0.006696428571428577,0.014430014430014444,544
2023-04-04,0.01428906066994611,-0.0066518847006651945,-0.01706970128022761,545
2023-04-06,-0.0004618937644341293,-0.0033482142857142886,-0.010130246020260341,546
2023-04-07,-0.009473197781885483,-0.001119820828667414,0.004385964912280705,547
2023-04-10,0.00559832050384885,0.013452914798206289,0.02474526928675386,548
2023-04-11,0.006958942240779459,0.019911504424778778,0.00852272727272728,549
2023-04-12,0.0011518083390923504,0.0010845986984815627,-0.007042253521126767,550
2023-04-13,0.0046019328117808496,-0.004333694474539548,0.0014184397163120581,551
2023-04-14,-0.00961978928080619,0.010881392818280749,0.0028328611898017025,552
2023-04-17,-0.004394079555966727,0.003229278794402586,-0.015536723163841823,553
2023-04-18,-0.0018583042973286893,0.0021459227467811176,-0.008608321377331429,554
2023-04-19,0.002559925529439172,0.007494646680942072,-0.013024602026049057,555
2023-04-20,-0.004642525533890338,-0.013815090329436664,-0.00879765395894429,556
2023-04-21,-0.002565298507462715,0.002155172413793105,-0.013313609467455632,557
2023-04-24,0.00911854103343458,0.006451612903225812,0.02698650674662671,558
2023-04-25,0.0016218721037999447,0.00213675213675202,-0.016058394160583956,559
2023-04-26,0.0023132084200785997,0.0021321961620469104,-0.022255192878338298,560
2023-04-27,-0.008077544426494379,0.02127659574468087,0.01062215477996966,561
2023-04-28,0.022568636575151124,0.03020833333333336,-0.030030030030030054,562
2023-05-04,0.004550625711035373,-0.0050556117290192154,-0.003095975232198145,563
2023-05-05,-0.010645526613816469,0.027439024390243816,0.012422360248447216,564
2023-05-08,0.002060439560439435,-0.012858555885262019,-0.013803680981595104,565
2023-05-09,0.004797806716929383,-0.025050100200400823,-0.004665629860031108,566
2023-05-10,-0.0009095043201454206,0.007194244604316553,0.0015625000000000014,567
2023-05-11,-0.0065999089667728526,-0.01734693877551022,-0.017160686427457113,568
2023-05-12,0.0038946162657501624,-0.004153686396677055,0.012698412698412709,569
2023-05-15,-0.0029666818804198773,-0.01251303441084464,0.0188087774294671,570
2023-05-16,-0.0036621652552071447,-0.0010559662090813104,-0.018461538461538477,571
2023-05-17,-0.0018378130025269947,0.010570824524312907,0.01724137931034484,572
2023-05-18,-0.003452243958572999,-0.01569037656903767,0.026194144838212658,573
2023-05-19,0.003926096997690611,-0.0021253985122210435,-0.01651651651651653,574
2023-05-22,-0.0039107430411779035,-0.013844515441959426,0.029007633587786283,575
2023-05-23,0.005080831408776037,-0.014038876889848824,0.008902077151335319,576
2023-05-24,-0.00390625000000008,-0.006571741511500554,0.001470588235294119,577
2023-05-25,-0.005767012687427994,0.016538037486218318,-0.029368575624082256,578
2023-05-26,0.0009280742459397792,0.0021691973969631254,0.006051437216338886,579
2023-05-29,-0.0032452480296708934,0.007575757575757582,-0.0045112781954887255,580
2023-05-30,0.015116279069767534,-0.008592910848549953,-0.022658610271903343,581
2023-05-31,-0.0006872852233677236,0.004333694474539548,0.0030911901081916563,582
2023-06-01,0.0029802842732691197,0.0,0.009244992295839761,583
2023-06-02,-0.011657142857142894,0.012944983818770118,0.038167938931297746,584
2023-06-05,0.007631822386679085,-0.008519701810436524,-0.02500000000000002,585
2023-06-06,0.001377094330961723,0.010741138560687322,0.016591251885369546,586
2023-06-07,-0.005730002292000998,0.005313496280552609,0.03412462908011856,587
2023-06-08,0.008529276164130918,0.003171247357293872,-0.002869440459110476,588
2023-06-09,0.0006857142857143117,-0.009483667017913602,-0.011510791366906326,589
2023-06-12,0.00228414801279118,-0.0021276595744680873,0.004366812227074078,590
2023-06-13,-0.005697356426617928,-0.007462686567164068,0.00724637681159421,591
2023-06-14,-0.0077928031171214055,0.0021482277121374883,-0.01726618705035957,592
2023-06-15,0.006930006930006988,0.0,0.013177159590043772,593
2023-06-16,0.0016058729066298861,-0.016077170418006444,0.0014450867052023136,594
2023-06-19,0.0018323408153916646,-0.006535947712418306,-0.0028860028860028886,595
2023-06-20,-0.004115226337448513,-0.006578947368421058,-0.010130246020260341,596
2023-06-21,-0.0004591368227731359,-0.020971302428256088,0.0,597
2023-06-26,-0.0009186954524576131,0.02029312288613305,0.00730994152046768,598
2023-06-27,-0.003448275862068892,0.004419889502762435,0.0029027576197387544,599
2023-06-28,0.0018454440599769337,-0.003300330033003303,0.008683068017366144,600
2023-06-29,0.0013815335021874805,0.005518763796909497,0.017216642754662857,601
2023-06-30,0.0020694412508621414,0.01207464324917674,0.007052186177715098,602
2023-07-03,0.0013767783386875235,-0.0010845986984815627,-0.0028011204481792743,603
2023-07-04,0.0006874427131072672,-0.0021715526601520105,0.011235955056179785,604
2023-07-05,-0.0004579803068467552,-0.0032644178454842247,-0.009722222222222231,605
2023-07-06,-0.0013745704467354471,0.00218340611353712,-0.02524544179523144,606
2023-07-07,0.002523514567561395,0.002178649237472769,0.018705035971223038,607
2023-07-10,0.0009153318077802196,0.0010869565217391313,0.0169491525423729,608
2023-07-11,-0.0006858710562412496,0.0010857763300760053,0.015277777777777791,609
2023-07-12,0.008464882177991288,0.01193058568329719,0.0013679890560875526,610
2023-07-13,-0.004537205081669796,0.004287245444801718,-0.008196721311475417,611
2023-07-14,0.004102096627164949,-0.007470651013874072,-0.02754820936639121,612
2023-07-17,0.0036314117113027725,-0.002150537634408604,0.008498583569405107,613
2023-07-18,0.011533242876526495,0.0075431034482758685,0.03511235955056183,614
2023-07-19,-0.0006706908115359074,-0.006417112299465246,-0.005427408412483044,615
2023-07-20,-0.0038031319910513334,-0.0010764262648008621,0.020463847203274235,616
2023-07-21,-0.0024702447788008354,0.002155172413793105,0.0,617
2023-07-24,-0.004952723998199063,0.018279569892473015,0.013368983957219263,618
2023-07-25,0.0042986425339366805,-0.002111932418162621,-0.009234828496042225,619
2023-07-26,0.002027483667492755,0.0021164021164021183,0.013315579227696417,620
2023-07-27,-0.00989208633093536,0.016895459345300966,-0.010512483574244424,621
2023-07-28,0.0011353315168028822,0.006230529595015582,0.015936254980079695,622
2023-07-31,0.003855749603084679,0.0,0.02091503267973858,623
2023-08-01,-0.0002259376412111012,-0.010319917440660483,0.0012804097311139575,624
2023-08-02,-0.0042937853107344924,0.0020855057351407734,-0.0255754475703325,625
2023-08-03,-0.0011348161597820913,0.001040582726326744,0.02755905511811026,626
2023-08-04,0.002044989775051202,-0.009355509355509365,0.01277139208173692,627
2023-08-07,0.00090702947845795,0.004197271773347328,-0.008827238335435065,628
2023-08-08,-0.0006796556411418473,-0.007314524555903873,0.022900763358778647,629
2023-08-09,-0.0034005894355020817,0.0,0.01990049751243769,630
2023-08-10,0.004322111010009128,-0.010526315789473694,-0.010975609756097435,631
2023-08-11,0.0013590033975085453,-0.0021276595744680873,0.0061652281134400655,632
2023-08-14,0.002261931689662924,0.006396588486140731,0.0036764705882352975,633
2023-08-15,0.00045136538027528317,-0.00529661016949153,-0.03052503052503042,634
2023-08-16,-0.0009023234829685449,-0.0010649627263045803,0.0012594458438287164,635
2023-08-17,-0.0018062768119214284,-0.002132196162046792,0.02012578616352203,636
2023-08-18,0.0038452838724269303,-0.007478632478632485,0.01602959309494439,637
2023-08-21,-0.0015772870662459832,0.013993541442411087,-0.01092233009708739,638
2023-08-22,0.004739336492890974,-0.0031847133757961815,-0.011042944785275947,639
2023-08-23,0.0026954177897575145,-0.004259850905218203,-0.012406947890818868,640
2023-08-24,-0.0035842293906810066,-0.001069518716577541,-0.002512562814070354,641
2023-08-25,0.0004496402877697346,0.011777301927194752,0.016372795969773313,642
2023-08-28,0.0026966292134830484,0.0010582010582010591,-0.0049566294919454815,643
2023-08-29,0.0033617212012551703,-0.009513742071881498,0.014943960149439476,644
2023-08-30,0.0037971856153673125,-0.005336179295624337,0.001226993865030676,645
2023-08-31,-0.001112594570538472,0.005364806866952794,0.0012254901960784324,646
2023-09-01,0.0037870349743818997,0.020277481323372364,0.02203182374541006,647
2023-09-04,0.0004438526409231646,-0.009414225941422603,0.0023952095808383255,648
2023-09-05,-0.0006654835847382684,-0.004223864836325242,-0.0011947431302270022,649
2023-09-06,-0.0002219755826859787,-0.0010604453870625672,-0.003588516746411487,650
2023-09-07,0.007104795737122565,-0.004246284501061575,0.006002400960384159,651
2023-09-08,0.0019841269841270595,0.006396588486140731,0.011933174224343687,652
2023-09-11,0.0002200220022002935,-0.0021186440677966123,-0.028301886792452855,653
2023-09-12,0.0024197096348438454,0.0010615711252653938,0.030339805825242747,654
2023-09-13,0.0076804915514591295,0.006362672322375404,-0.003533568904593643,655
2023-09-14,-0.009581881533100958,0.001053740779768178,-0.00236406619385343,656
2023-09-15,-0.0052770448548812715,0.0,-0.0118483412322275,657
2023-09-18,0.007736516357206044,0.005263157894736847,-0.014388489208633106,658
2023-09-19,0.007677122175915802,0.006282722513089011,-0.02554744525547434,659
2023-09-20,-0.0030474531998259105,-0.008324661810613952,-0.017478152309613,660
2023-09-21,-0.004148471615720552,0.00524658971668416,0.015247776365946646,661
2023-09-22,0.004385003288752568,0.0,-0.0037546933667083884,662
2023-09-25,-0.0006548788474132533,-0.0020876826722338224,0.005025125628140708,663
2023-09-26,-0.014635211882918341,-0.0031380753138075344,0.010000000000000009,664
2023-09-27,-0.016626025271558452,-0.001049317943336832,0.03217821782178207,665
2023-09-28,-0.006988277727682528,-0.003151260504201684,-0.041966426858513095,666
2023-10-09,-0.012939841089670915,-0.013698630136986197,0.0037546933667083884,667
2023-10-10,0.001609935602576026,0.0,0.00498753117206983,668
2023-10-11,0.00803673938002279,0.012820512820512713,-0.011166253101736983,669
2023-10-12,0.0034168564920274646,-0.0010548523206751065,0.008782936010037648,670
2023-10-13,0.01248581157775249,0.004223864836325242,0.022388059701492418,671
2023-10-16,0.00448430493273553,0.005257623554153527,0.0024330900243309025,672
2023-10-17,0.00959821428571412,-0.005230125523012557,0.02184466019417478,673
2023-10-18,0.005306212690692024,-0.021030494216613994,-0.0023752969121140165,674
2023-10-19,0.01099626127116796,0.0032223415682062326,0.004761904761904767,675
2023-10-20,-0.005438329345225224,-0.020342612419700232,-0.030805687203791496,676
2023-10-23,0.0006561679790026495,0.005464480874316944,-0.011002444987774937,677
2023-10-24,-0.003934426229508152,0.011956521739130446,-0.008652657601977757,678
2023-10-25,0.007241606319947217,0.0032223415682062326,-0.002493765586034915,679
2023-10-26,0.0019607843137255648,0.0042826552462525615,0.017499999999999877,680
2023-10-27,0.002174385736029525,-0.017057569296375166,-0.022113022113021998,681
2023-10-30,0.002386634844868761,0.0,0.0,682
2023-10-31,-0.003679653679653755,0.0010845986984815627,0.006281407035175885,683
2023-11-01,0.0021724961981318,0.002166847237269774,0.003745318352059928,684
2023-11-02,-0.000650336006936942,-0.006486486486486492,0.018656716417910325,685
2023-11-03,-0.004989154013015309,-0.0021762785636561498,-0.012210012210012087,686
2023-11-06,-0.003924133420536253,0.0021810250817884424,-0.027194066749072952,687
2023-11-07,-0.003939592908732719,0.0,-0.0165184243964422,688
2023-11-08,-0.006591957811470061,0.0021762785636561498,-0.01679586563307495,689
2023-11-09,0.007299270072992781,-0.005428881650380027,-0.001314060446780553,690
2023-11-10,-0.0035133948177426466,0.0032751091703056797,-0.0013157894736842116,691
2023-11-13,0.004407227853679941,0.0010881392818280749,0.011857707509881433,692
2023-11-14,0.004168494953927189,0.007608695652173919,0.00911458333333334,693
2023-11-15,-0.003932707013327462,-0.0010787486515641865,-0.007741935483870975,694
2023-11-16,0.002851502522482979,-0.002159827213822896,-0.02340702210663201,695
2023-11-17,-0.010936132983377039,0.0043290043290043325,0.017310252996005342,696
2023-11-20,-0.0013268465280849683,0.0032327586206896577,-0.009162303664921474,697
2023-11-21,-0.0037643932683791735,-0.0042964554242749765,-0.0052840158520475605,698
2023-11-22,-0.000889086463658493,0.006472491909385119,-0.0026560424966799493,699
2023-11-23,0.0008898776418241512,0.0,0.0026631158455392833,700
2023-11-24,0.010446765947988575,-0.007502679528403007,0.0,701
2023-11-27,0.0030796304443465343,0.0,0.0,702
2023-11-28,0.006798245614035216,-0.007559395248380136,-0.005312084993359899,703
2023-11-29,-0.00043563493792197333,0.0021762785636561498,0.0013351134846461962,704
2023-11-30,0.0,0.011943539630836058,0.006666666666666672,705
2023-12-01,0.011767269557637693,-0.004291845493562235,-0.005298013245033117,706
2023-12-04,-0.013568813267284024,-0.012931034482758631,-0.006657789613848208,707
2023-12-05,-0.0004366812227073755,-0.0032751091703056797,-0.016085790884718513,708
2023-12-06,0.0013106159895149277,-0.0010952902519167588,-0.021798365122615824,709
2023-12-07,0.001527050610820367,-0.0010964912280701765,0.009749303621169925,710
2023-12-08,-0.0074057939446743205,0.009879253567508241,0.009655172413793113,711
2023-12-11,-0.003949967083607786,0.005434782608695656,-0.0027322404371584725,712
2023-12-12,-0.0022031284423881443,-0.006486486486486492,-0.030136986301369892,713
2023-12-13,0.015235151247515998,-0.0010881392818280749,0.02118644067796612,714
2023-12-14,-0.0017398869073510237,-0.005446623093681922,0.033195020746887995,715
2023-12-15,-0.0030501089324619247,-0.0010952902519167588,0.009370816599732271,716
2023-12-18,0.0028409090909092636,-0.0010964912280701765,-0.00397877984084881,717
2023-12-19,0.0032686859882326605,-0.003293084522502747,0.018641810918774985,718
2023-12-20,0.0002172024326673184,-0.0022026431718061693,-0.007843137254901968,719
2023-12-21,0.004777415852334278,0.0011037527593818993,0.01581027667984191,720
2023-12-22,0.0015128593040848416,-0.0011025358324145544,-0.0051880674448767875,721
2023-12-25,0.0028053517479499136,-0.0011037527593818993,0.00260756192959583,722
2023-12-26,0.0027975037658704324,0.007734806629834261,0.01560468140442134,723
2023-12-27,0.0004291845493561759,-0.002192982456140353,-0.015364916773367491,724
2023-12-28,-0.0030030030030030533,0.004395604395604399,-0.018205461638491564,725
2023-12-29,0.003872633390705827,0.012035010940919048,0.014569536423841073,726
2024-01-02,-0.0006429489927132691,0.01081081081081082,-0.013054830287206278,727
2024-01-03,-0.0025734505683037644,0.011764705882352832,0.019841269841269858,728
2024-01-04,0.0027950978284239734,0.0010570824524312906,-0.02075226977950715,729
2024-01-05,-0.0030017152658660695,-0.011615628299894296,-0.01986754966887419,730
2024-01-08,-0.00021505376344093202,0.007478632478632366,0.0,731
2024-01-09,-0.0038718003871799946,-0.005302226935312836,-0.002702702702702705,732
2024-01-10,0.0,-0.008528784648187524,-0.0027100271002710053,733
2024-01-11,0.0032390412437917683,0.004301075268817208,0.006793478260869571,734
2024-01-12,0.00581145071028845,0.007494646680942072,0.0,735
2024-01-15,0.0008559811684142006,0.00637619553666313,-0.0013495276653171402,736
2024-01-16,-0.009835364549925034,-0.013727560718056918,-0.03108108108108111,737
2024-01-17,-0.0032390412437919604,-0.00642398286937902,0.0,738
2024-01-18,0.005849220103986165,-0.0064655172413793155,-0.004184100418410046,739
2024-01-19,-0.003876803790652551,-0.026030368763557507,-0.007002801120448186,740
2024-01-22,0.0015135135135134429,0.0066815144766147055,0.012693935119887177,741
2024-01-23,-0.0012953367875646242,0.02323008849557524,0.0013927576601671322,742
2024-01-24,-0.004539559014267165,0.030270270270270176,0.006954102920723233,743
2024-01-25,0.004343105320303925,0.01678908709338931,0.01519337016574587,744
2024-01-26,0.0019459459459460198,0.0,0.012244897959183685,745
2024-01-29,0.0028053517479499136,-0.007223942208462339,-0.00537634408602151,746
2024-01-30,0.0012911555842477595,-0.0062370062370062426,0.013513513513513526,747
2024-01-31,0.0032237266279820697,-0.010460251046025115,-0.025333333333333357,748
2024-02-01,0.0023564695801199915,0.002114164904862581,-0.004103967168262657,749
2024-02-02,-0.007693951699081101,0.002109704641350213,-0.009615384615384625,750
2024-02-05,-0.0021537798836958407,0.013684210526315802,-0.001386962552011097,751
2024-02-06,0.001942585797539465,0.0114226375908619,0.005555555555555561,752
2024-02-07,0.004308487720809904,-0.001026694045174539,0.017955801104972392,753
2024-02-08,-0.003861003861003817,0.023638232271325818,0.020352781546811416,754
2024-02-19,-0.00043066322136084835,0.008032128514056233,0.002659574468085109,755
2024-02-20,0.0,0.0049800796812747945,-0.01193633952254643,756
2024-02-21,-0.0006462731581215238,0.011892963330029744,0.029530201342281907,757
2024-02-22,-0.0019400732916577583,0.001958863858961804,-0.001303780964797915,758
2024-02-23,0.004535637149028058,-0.025415444770283395,-0.005221932114882511,759
2024-02-26,-0.0010750376263168981,0.007021063189568712,0.005249343832021002,760
2024-02-27,-0.0002152389151959393,-0.007968127490039847,0.007832898172323766,761
2024-02-28,0.0004305705059204883,0.008032128514056233,-0.007772020725388608,762
2024-02-29,0.004303851947492914,0.0,0.015665796344647532,763
2024-03-01,0.0124276837368759,0.0049800796812747945,0.014138817480719806,764
2024-03-04,0.013544973544973558,0.008919722497522419,-0.015209125475285183,765
2024-03-05,0.007308415117978731,0.0,0.002574002574002576,766
2024-03-06,0.012645107794361515,0.002946954813359422,-0.0038510911424903755,767
2024-03-07,-0.000818833162743001,0.005876591576885412,0.011597938144329906,768
2024-03-08,0.003687768899815569,-0.0068159688412851955,-0.005095541401273889,769
2024-03-11,-0.004082465809348941,-0.024509803921568648,0.008962868117797703,770
2024-03-12,-0.0018446402951423353,-0.0020100502512562833,0.006345177664974624,771
2024-03-13,0.001437371663244286,0.003021148036253779,0.016393442622950834,772
2024-03-14,0.004510969858519631,0.001004016064257029,0.011166253101736844,773
2024-03-15,-0.00796080832823019,0.0010030090270812446,0.003680981595092028,774
2024-03-18,0.0020576131687242358,-0.004008016032064131,-0.006112469437652817,775
2024-03-19,0.0020533880903490323,0.006036217303822943,0.007380073800738014,776
2024-03-20,0.020081967213114726,0.006000000000000005,0.008547008547008555,777
2024-03-21,-0.0064282844515869885,-0.0049701789264414665,0.01331719128329299,778
2024-03-22,0.00202183582693099,0.001998001998002,0.003584229390681007,779
2024-03-25,0.0020177562550443475,0.0009970089730808693,0.003571428571428575,780
2024-03-26,0.004832863471606931,-0.005976095617529886,-0.017793594306049838,781
2024-03-27,0.00781563126252499,0.0020040080160320657,0.01690821256038649,782
2024-03-28,0.019288128852654688,0.014999999999999902,0.02612826603325418,783
2024-03-29,0.005657432696059289,0.0,0.020833333333333353,784
2024-04-01,0.0007759456838020484,0.007881773399014786,-0.00680272108843538,785
2024-04-02,0.013956193060670686,0.009775171065493657,0.011415525114155261,786
2024-04-03,0.023513668514624397,0.0029041626331075643,-0.005643340857787816,787
2024-04-08,0.002801643630930086,-0.00675675675675687,-0.005675368898978439,788
2024-04-09,0.0035388340473086477,0.0009718172983480194,-0.0011415525114155261,789
2024-04-10,-0.007423904974016339,0.012621359223300875,0.00914285714285715,790
2024-04-11,0.02916978309648461,-0.0028763183125598197,0.0,791
2024-04-12,-0.015806686046511583,0.022115384615384526,-0.021517553793884505,792
2024-04-15,0.006461140852870619,-0.001881467544684856,-0.027777777777777804,793
2024-04-16,,,,794
